file,difficulty
3.musicxml,1
K576-3.musicxml,6
K280-1.musicxml,6
chopin_op28_No1.musicxml,3
chopin_op25_No1.musicxml,7
chopin_op28_No10.musicxml,7
beethoven_op110_mv2.musicxml,7
chopin_op51.musicxml,6
K570-3.musicxml,6
40.musicxml,2
chopin_op09_No2.musicxml,8
125.musicxml,4
77.musicxml,4
beethoven_op002_no2_mv3.musicxml,5
78.musicxml,2
chopin_op10_No10.musicxml,7
86.musicxml,2
K283-3.musicxml,6
115.musicxml,2
chopin_op18.musicxml,6
10.musicxml,1
beethoven_op031_no1_mv1.musicxml,7
chopin_op54.musicxml,6
chopin_op28_No6.musicxml,5
beethoven_op002_no2_mv1.musicxml,7
chopin_op33_No2.musicxml,5
beethoven_op031_no3_mv2.musicxml,7
53.musicxml,3
92.musicxml,7
73.musicxml,4
96.musicxml,2
chopin_op28_No24.musicxml,9
beethoven_op078_mv2.musicxml,7
22.musicxml,1
29.musicxml,1
chopin_op24_No1.musicxml,5
K332-3.musicxml,6
beethoven_op007_mv4.musicxml,7
11.musicxml,1
chopin_op41_No1.musicxml,5
K281-1.musicxml,6
97.musicxml,4
26.musicxml,1
chopin_op04_Mv3.musicxml,6
beethoven_op101_mv1.musicxml,7
beethoven_op013_mv1.musicxml,7
K576-2.musicxml,6
93.musicxml,2
beethoven_op010_no3_mv4.musicxml,7
132.musicxml,4
chopin_op56_No1.musicxml,6
K310-3.musicxml,5
chopin_op28_No9.musicxml,4
chopin_op30_No3.musicxml,6
K331-3.musicxml,7
9.musicxml,1
beethoven_op031_no3_mv1.musicxml,6
chopin_op25_No6.musicxml,8
beethoven_op028_mv3.musicxml,7
chopin_op58_Mv3.musicxml,6
chopin_op10_No9.musicxml,8
58.musicxml,2
beethoven_op106_mv2.musicxml,7
chopin_op28_No22.musicxml,8
chopin_op23.musicxml,9
chopin_op48_No2.musicxml,6
beethoven_op031_no2_mv3.musicxml,7
98.musicxml,1
K333-2.musicxml,6
chopin_op10_No4.musicxml,7
K545-3.musicxml,6
chopin_op25_No7.musicxml,6
chopin_op27_No2.musicxml,8
K284-3.musicxml,6
chopin_op39.musicxml,9
chopin_op26_No1.musicxml,6
113.musicxml,1
chopin_op63_No2.musicxml,5
chopin_op28_No14.musicxml,1
chopin_op25_No8.musicxml,7
K283-2.musicxml,3
56.musicxml,2
chopin_op10_No1.musicxml,8
84.musicxml,4
K332-1.musicxml,6
K332-2.musicxml,4
chopin_op15_No3.musicxml,6
beethoven_op022_mv2.musicxml,6
94.musicxml,4
beethoven_op013_mv2.musicxml,7
chopin_op09_No1.musicxml,9
K282-2.musicxml,6
K331-1.musicxml,6
